seed_set,opponent,seed,planner_money,opponent_money,margin,win,planner_validation,n_planning_cycles,n_hard_blocked,n_economic_rejected,n_uncertain,n_selected_total
development,wheat_patroller,300000,28541.0,4438.0,24103.0,1,PARTIAL,30,5,127,0,6
development,wheat_patroller,300001,28380.0,4894.0,23486.0,1,PARTIAL,30,5,127,0,6
development,wheat_patroller,300002,28316.0,5587.0,22729.0,1,PARTIAL,30,5,126,0,6
development,wheat_patroller,300003,28771.0,5295.0,23476.0,1,PARTIAL,30,5,126,0,6
development,wheat_patroller,300004,27420.0,5831.0,21589.0,1,PARTIAL,30,5,126,0,6
development,phase2_3_integrated,300000,24732.0,9923.0,14809.0,1,PARTIAL,30,5,131,0,6
development,phase2_3_integrated,300001,21970.0,16356.0,5614.0,1,PARTIAL,30,5,123,0,6
development,phase2_3_integrated,300002,26377.0,8830.0,17547.0,1,PARTIAL,30,5,131,0,6
development,phase2_3_integrated,300003,24489.0,8678.0,15811.0,1,PARTIAL,30,5,123,0,6
development,phase2_3_integrated,300004,25094.0,9350.0,15744.0,1,PARTIAL,30,5,131,0,6
development,phase2_4_best,300000,29678.0,5132.0,24546.0,1,PARTIAL,30,5,131,0,6
development,phase2_4_best,300001,27892.0,10695.0,17197.0,1,PARTIAL,30,5,123,0,6
development,phase2_4_best,300002,29229.0,4446.0,24783.0,1,PARTIAL,30,5,131,0,6
development,phase2_4_best,300003,28550.0,4787.0,23763.0,1,PARTIAL,30,5,123,0,6
development,phase2_4_best,300004,30040.0,4559.0,25481.0,1,PARTIAL,30,5,131,0,6
validation,wheat_patroller,301000,28055.0,5737.0,22318.0,1,PARTIAL,30,5,126,0,6
validation,wheat_patroller,301001,27931.0,5336.0,22595.0,1,PARTIAL,30,5,127,0,6
validation,wheat_patroller,301002,28503.0,4315.0,24188.0,1,PARTIAL,30,5,127,0,6
validation,wheat_patroller,301003,28335.0,5317.0,23018.0,1,PARTIAL,30,5,126,0,6
validation,wheat_patroller,301004,28077.0,4457.0,23620.0,1,PARTIAL,30,5,127,0,6
validation,wheat_patroller,301005,28322.0,5398.0,22924.0,1,PARTIAL,30,5,126,0,6
validation,wheat_patroller,301006,28072.0,5788.0,22284.0,1,PARTIAL,30,5,126,0,6
validation,wheat_patroller,301007,28348.0,4941.0,23407.0,1,PARTIAL,30,5,127,0,6
validation,phase2_3_integrated,301000,22910.0,11076.0,11834.0,1,PARTIAL,30,5,123,0,6
validation,phase2_3_integrated,301001,23060.0,12976.0,10084.0,1,PARTIAL,30,5,131,0,6
validation,phase2_3_integrated,301002,23159.0,8714.0,14445.0,1,PARTIAL,30,5,123,0,6
validation,phase2_3_integrated,301003,25249.0,5018.0,20231.0,1,PARTIAL,30,5,123,0,6
validation,phase2_3_integrated,301004,23570.0,9266.0,14304.0,1,PARTIAL,30,5,131,0,6
validation,phase2_3_integrated,301005,23316.0,12104.0,11212.0,1,PARTIAL,30,5,123,0,6
validation,phase2_3_integrated,301006,23522.0,8657.0,14865.0,1,PARTIAL,30,5,123,0,6
validation,phase2_3_integrated,301007,26530.0,3340.0,23190.0,1,PARTIAL,30,5,131,0,6
validation,phase2_4_best,301000,27845.0,4197.0,23648.0,1,PARTIAL,30,5,123,0,6
validation,phase2_4_best,301001,29019.0,6645.0,22374.0,1,PARTIAL,30,5,131,0,6
validation,phase2_4_best,301002,28103.0,2863.0,25240.0,1,PARTIAL,30,5,123,0,6
validation,phase2_4_best,301003,26890.0,2994.0,23896.0,1,PARTIAL,30,5,123,0,6
validation,phase2_4_best,301004,29515.0,2746.0,26769.0,1,PARTIAL,30,5,131,0,6
validation,phase2_4_best,301005,28251.0,7402.0,20849.0,1,PARTIAL,30,5,123,0,6
validation,phase2_4_best,301006,28451.0,3576.0,24875.0,1,PARTIAL,30,5,123,0,6
validation,phase2_4_best,301007,27524.0,1270.0,26254.0,1,PARTIAL,30,5,131,0,6
held_out,wheat_patroller,302000,27861.0,5889.0,21972.0,1,PARTIAL,30,5,126,0,6
held_out,wheat_patroller,302001,29053.0,4695.0,24358.0,1,PARTIAL,30,5,127,0,6
held_out,wheat_patroller,302002,27915.0,5571.0,22344.0,1,PARTIAL,30,5,126,0,6
held_out,wheat_patroller,302003,28317.0,5121.0,23196.0,1,PARTIAL,30,5,127,0,6
held_out,wheat_patroller,302004,27845.0,6013.0,21832.0,1,PARTIAL,30,5,126,0,6
held_out,wheat_patroller,302005,28458.0,5871.0,22587.0,1,PARTIAL,30,5,126,0,6
held_out,wheat_patroller,302006,27935.0,5306.0,22629.0,1,PARTIAL,30,5,127,0,6
held_out,wheat_patroller,302007,27846.0,5595.0,22251.0,1,PARTIAL,30,5,126,0,6
held_out,wheat_patroller,302008,28842.0,5157.0,23685.0,1,PARTIAL,30,5,126,0,6
held_out,wheat_patroller,302009,28600.0,4148.0,24452.0,1,PARTIAL,30,5,127,0,6
held_out,phase2_3_integrated,302000,23310.0,12912.0,10398.0,1,PARTIAL,30,5,131,0,6
held_out,phase2_3_integrated,302001,23522.0,9403.0,14119.0,1,PARTIAL,30,5,123,0,6
held_out,phase2_3_integrated,302002,23626.0,14050.0,9576.0,1,PARTIAL,30,5,131,0,6
held_out,phase2_3_integrated,302003,23079.0,13524.0,9555.0,1,PARTIAL,30,5,123,0,6
held_out,phase2_3_integrated,302004,23623.0,8854.0,14769.0,1,PARTIAL,30,5,131,0,6
held_out,phase2_3_integrated,302005,22889.0,14938.0,7951.0,1,PARTIAL,30,5,131,0,6
held_out,phase2_3_integrated,302006,26994.0,9937.0,17057.0,1,PARTIAL,30,5,131,0,6
held_out,phase2_3_integrated,302007,24101.0,11130.0,12971.0,1,PARTIAL,30,5,131,0,6
held_out,phase2_3_integrated,302008,22208.0,15226.0,6982.0,1,PARTIAL,30,5,131,0,6
held_out,phase2_3_integrated,302009,23494.0,8493.0,15001.0,1,PARTIAL,30,5,123,0,6
held_out,phase2_4_best,302000,29269.0,6134.0,23135.0,1,PARTIAL,30,5,131,0,6
held_out,phase2_4_best,302001,28457.0,3527.0,24930.0,1,PARTIAL,30,5,123,0,6
held_out,phase2_4_best,302002,29585.0,7659.0,21926.0,1,PARTIAL,30,5,131,0,6
held_out,phase2_4_best,302003,28014.0,7998.0,20016.0,1,PARTIAL,30,5,123,0,6
held_out,phase2_4_best,302004,29599.0,3438.0,26161.0,1,PARTIAL,30,5,131,0,6
held_out,phase2_4_best,302005,29827.0,7871.0,21956.0,1,PARTIAL,30,5,131,0,6
held_out,phase2_4_best,302006,29846.0,7282.0,22564.0,1,PARTIAL,30,5,131,0,6
held_out,phase2_4_best,302007,29047.0,6339.0,22708.0,1,PARTIAL,30,5,131,0,6
held_out,phase2_4_best,302008,29146.0,8470.0,20676.0,1,PARTIAL,30,5,131,0,6
held_out,phase2_4_best,302009,28426.0,4485.0,23941.0,1,PARTIAL,30,5,123,0,6
