candidate,opponent,seed,seed_set,protagonist_final_money,opponent_final_money,margin,win,total_revenue,total_cost,melon_harvested,market_activations,scaling_activations,animal_response_activations,elapsed_s
AB_submission_C,expansion_oriented,700000,development,28063.0,21493.0,6570.0,1,34335.8218,9272.8218,0,1,0,0,4.62
C_market_impact,expansion_oriented,700000,development,12548.0,17872.0,-5324.0,0,19824.3444,10276.3445,55,1,0,0,5.98
D_naive_price,expansion_oriented,700000,development,5150.0,17872.0,-12722.0,0,11399.9783,9249.9784,55,1,0,0,6.1
E_diversified,expansion_oriented,700000,development,10151.0,22260.0,-12109.0,0,12825.3077,5674.3077,0,1,0,0,5.96
AB_submission_C,expansion_oriented,700001,development,23987.0,22134.0,1853.0,1,30058.487,9071.487,0,1,0,0,5.98
C_market_impact,expansion_oriented,700001,development,9875.0,17489.0,-7614.0,0,17159.7507,10284.7508,55,1,0,0,5.32
D_naive_price,expansion_oriented,700001,development,4867.0,17489.0,-12622.0,0,11114.1458,9247.1458,55,1,0,0,6.24
E_diversified,expansion_oriented,700001,development,11197.0,21805.0,-10608.0,0,13689.0,5492.0,0,1,0,0,6.45
AB_submission_C,expansion_oriented,700002,development,19367.0,22340.0,-2973.0,0,25237.8428,8870.8429,0,1,0,0,6.17
C_market_impact,expansion_oriented,700002,development,13682.0,17776.0,-4094.0,0,20505.1961,9823.1961,55,1,0,0,5.87
D_naive_price,expansion_oriented,700002,development,4170.0,17776.0,-13606.0,0,10203.2833,9033.2833,55,1,0,0,5.98
E_diversified,expansion_oriented,700002,development,9985.0,22510.0,-12525.0,0,12649.3077,5664.3077,0,1,0,0,7.06
AB_submission_C,expansion_oriented,700003,development,24182.0,22216.0,1966.0,1,30227.2933,9045.2933,0,1,0,0,6.81
C_market_impact,expansion_oriented,700003,development,12613.0,17724.0,-5111.0,0,19526.2695,9913.2695,55,1,0,0,6.7
D_naive_price,expansion_oriented,700003,development,5348.0,17724.0,-12376.0,0,11552.9373,9204.9373,55,1,0,0,6.54
E_diversified,expansion_oriented,700003,development,11575.0,21961.0,-10386.0,0,14067.0,5492.0,0,1,0,0,7.22
AB_submission_C,expansion_oriented,701000,validation,27371.0,22225.0,5146.0,1,32801.5926,8430.5926,0,1,0,0,7.02
C_market_impact,expansion_oriented,701000,validation,12254.0,17865.0,-5611.0,0,19706.2628,10452.2628,55,1,0,0,6.73
D_naive_price,expansion_oriented,701000,validation,5084.0,17865.0,-12781.0,0,11400.9525,9316.9525,55,1,0,0,5.78
E_diversified,expansion_oriented,701000,validation,11654.0,22239.0,-10585.0,0,14146.0,5492.0,0,1,0,0,5.66
AB_submission_C,expansion_oriented,701001,validation,13371.0,21894.0,-8523.0,0,18876.3916,8505.3916,0,1,0,0,5.87
C_market_impact,expansion_oriented,701001,validation,9350.0,17898.0,-8548.0,0,16662.3372,10312.3371,55,1,0,0,6.42
D_naive_price,expansion_oriented,701001,validation,4844.0,17898.0,-13054.0,0,11117.1452,9273.1452,55,1,0,0,4.85
E_diversified,expansion_oriented,701001,validation,11663.0,22216.0,-10553.0,0,14155.0,5492.0,0,1,0,0,5.45
AB_submission_C,expansion_oriented,701002,validation,21422.0,22239.0,-817.0,0,26376.8879,7954.888,0,1,0,0,4.9
C_market_impact,expansion_oriented,701002,validation,12498.0,17963.0,-5465.0,0,19931.7297,10433.7297,55,1,0,0,5.5
D_naive_price,expansion_oriented,701002,validation,4696.0,17963.0,-13267.0,0,10623.0,8927.0,55,1,0,0,5.39
E_diversified,expansion_oriented,701002,validation,10577.0,22287.0,-11710.0,0,13251.3077,5674.3077,0,1,0,0,6.12
AB_submission_C,expansion_oriented,701003,validation,20993.0,22340.0,-1347.0,0,26952.024,8959.024,0,1,0,0,6.27
C_market_impact,expansion_oriented,701003,validation,12161.0,17856.0,-5695.0,0,19057.5082,9896.5082,55,1,0,0,6.63
D_naive_price,expansion_oriented,701003,validation,5400.0,17856.0,-12456.0,0,11562.9424,9162.9424,55,1,0,0,6.14
E_diversified,expansion_oriented,701003,validation,11234.0,22340.0,-11106.0,0,13726.0,5492.0,0,1,0,0,5.7
AB_submission_C,expansion_oriented,701004,validation,25044.0,21961.0,3083.0,1,30700.3649,8656.3648,0,1,0,0,6.03
C_market_impact,expansion_oriented,701004,validation,12921.0,17872.0,-4951.0,0,20390.1336,10469.1337,55,1,0,0,4.94
D_naive_price,expansion_oriented,701004,validation,4531.0,17872.0,-13341.0,0,10863.8918,9332.8918,55,1,0,0,4.01
E_diversified,expansion_oriented,701004,validation,11626.0,21974.0,-10348.0,0,14118.0,5492.0,0,1,0,0,4.57
AB_submission_C,expansion_oriented,702000,held_out,24929.0,21894.0,3035.0,1,31223.1075,9294.1075,0,1,0,0,4.0
C_market_impact,expansion_oriented,702000,held_out,12962.0,17776.0,-4814.0,0,20330.5359,10368.5357,55,1,0,0,4.04
D_naive_price,expansion_oriented,702000,held_out,5060.0,17776.0,-12716.0,0,11374.8962,9314.8962,55,1,0,0,4.49
E_diversified,expansion_oriented,702000,held_out,11877.0,22260.0,-10383.0,0,14359.0,5482.0,0,1,0,0,6.44
AB_submission_C,expansion_oriented,702001,held_out,10568.0,22216.0,-11648.0,0,15754.3329,8186.3329,0,1,0,0,4.9
C_market_impact,expansion_oriented,702001,held_out,11995.0,17856.0,-5861.0,0,19509.8597,10514.8596,55,1,0,0,4.05
D_naive_price,expansion_oriented,702001,held_out,4495.0,17856.0,-13361.0,0,10853.2271,9358.2271,55,1,0,0,4.0
E_diversified,expansion_oriented,702001,held_out,8990.0,22134.0,-13144.0,0,11482.0,5492.0,0,1,0,0,4.11
AB_submission_C,expansion_oriented,702002,held_out,23386.0,21894.0,1492.0,1,29203.6166,8817.6166,0,1,0,0,4.01
C_market_impact,expansion_oriented,702002,held_out,14012.0,17821.0,-3809.0,0,21361.9957,10349.9957,55,1,0,0,4.04
D_naive_price,expansion_oriented,702002,held_out,4984.0,17821.0,-12837.0,0,11279.8185,9295.8185,55,1,0,0,4.02
E_diversified,expansion_oriented,702002,held_out,8891.0,22260.0,-13369.0,0,11575.3077,5684.3077,0,1,0,0,4.27
AB_submission_C,expansion_oriented,702003,held_out,24464.0,22225.0,2239.0,1,30461.9461,8997.9461,0,1,0,0,4.13
C_market_impact,expansion_oriented,702003,held_out,11941.0,17856.0,-5915.0,0,19411.2024,10470.2024,55,1,0,0,4.24
D_naive_price,expansion_oriented,702003,held_out,4745.0,17856.0,-13111.0,0,11063.8265,9318.8265,55,1,0,0,4.17
E_diversified,expansion_oriented,702003,held_out,11713.0,22225.0,-10512.0,0,14205.0,5492.0,0,1,0,0,4.22
AB_submission_C,expansion_oriented,702004,held_out,26589.0,22260.0,4329.0,1,32829.718,9240.718,0,1,0,0,3.96
C_market_impact,expansion_oriented,702004,held_out,11147.0,17776.0,-6629.0,0,18399.1353,10252.1353,55,1,0,0,3.95
D_naive_price,expansion_oriented,702004,held_out,4466.0,17776.0,-13310.0,0,10696.2966,9230.2966,55,1,0,0,3.97
E_diversified,expansion_oriented,702004,held_out,11094.0,22260.0,-11166.0,0,13586.0,5492.0,0,1,0,0,4.0
AB_submission_C,expansion_oriented,702005,held_out,24243.0,21961.0,2282.0,1,30231.064,8988.064,0,1,0,0,3.93
C_market_impact,expansion_oriented,702005,held_out,12459.0,18080.0,-5621.0,0,19855.6564,10396.6564,55,1,0,0,4.05
D_naive_price,expansion_oriented,702005,held_out,5940.0,18080.0,-12140.0,0,12323.5336,9383.5336,55,1,0,0,4.2
E_diversified,expansion_oriented,702005,held_out,11365.0,21983.0,-10618.0,0,13857.0,5492.0,0,1,0,0,4.11
AB_submission_C,passive,700000,non_target,27800.0,3000.0,24800.0,1,34178.846,9378.846,157,0,0,0,3.01
C_market_impact,passive,700000,non_target,27800.0,3000.0,24800.0,1,34178.846,9378.846,157,0,0,0,3.1
AB_submission_C,passive,701000,non_target,27962.0,3000.0,24962.0,1,34268.1801,9306.1801,157,0,0,0,3.19
C_market_impact,passive,701000,non_target,27962.0,3000.0,24962.0,1,34268.1801,9306.1801,157,0,0,0,3.06
AB_submission_C,production_heavy,700000,non_target,22379.0,10630.0,11749.0,1,28645.9481,9266.9481,157,0,0,0,4.49
C_market_impact,production_heavy,700000,non_target,22379.0,10630.0,11749.0,1,28645.9481,9266.9481,157,0,0,0,4.48
AB_submission_C,production_heavy,701000,non_target,23846.0,13435.0,10411.0,1,30991.9711,10145.9712,214,0,0,0,4.46
C_market_impact,production_heavy,701000,non_target,23846.0,13435.0,10411.0,1,30991.9711,10145.9712,214,0,0,0,4.51
AB_submission_C,market_selling,700000,non_target,28304.0,4580.0,23724.0,1,34569.0104,9265.0104,157,0,0,0,4.48
C_market_impact,market_selling,700000,non_target,28304.0,4580.0,23724.0,1,34569.0104,9265.0104,157,0,0,0,4.64
AB_submission_C,market_selling,701000,non_target,29805.0,7580.0,22225.0,1,36358.2752,9553.2752,214,0,0,0,4.64
C_market_impact,market_selling,701000,non_target,29805.0,7580.0,22225.0,1,36358.2752,9553.2752,214,0,0,0,4.67
AB_submission_C,animal_oriented,700000,non_target,28055.0,10885.0,17170.0,1,34257.6949,9202.6949,157,0,0,0,4.24
C_market_impact,animal_oriented,700000,non_target,28055.0,10885.0,17170.0,1,34257.6949,9202.6949,157,0,0,0,4.23
AB_submission_C,animal_oriented,701000,non_target,27058.0,10424.0,16634.0,1,33267.9661,9209.9661,157,0,0,0,4.21
C_market_impact,animal_oriented,701000,non_target,27058.0,10424.0,16634.0,1,33267.9661,9209.9661,157,0,0,0,4.2
AB_submission_C,conservative,700000,non_target,27870.0,6493.0,21377.0,1,34176.652,9306.652,157,0,0,0,3.53
C_market_impact,conservative,700000,non_target,27870.0,6493.0,21377.0,1,34176.652,9306.652,157,0,0,0,3.51
AB_submission_C,conservative,701000,non_target,27938.0,6114.0,21824.0,1,34175.5481,9237.5481,157,0,0,0,3.54
C_market_impact,conservative,701000,non_target,27938.0,6114.0,21824.0,1,34175.5481,9237.5481,157,0,0,0,3.59
AB_submission_C,aggressive_investment,700000,non_target,7677.0,9059.0,-1382.0,0,14446.9353,9769.9353,157,0,0,0,4.67
C_market_impact,aggressive_investment,700000,non_target,7677.0,9059.0,-1382.0,0,14446.9353,9769.9353,157,0,0,0,4.65
AB_submission_C,aggressive_investment,701000,non_target,14822.0,973.0,13849.0,1,21314.9318,9492.9318,214,0,0,0,4.74
C_market_impact,aggressive_investment,701000,non_target,14822.0,973.0,13849.0,1,21314.9318,9492.9318,214,0,0,0,4.76
