stage,group,cell_id,episode_id,seed,opponent,config_json,starting_money,final_money,profit,revenue_total,cost_seed,cost_hire,cost_land,cost_animal,cost_buy_wheat,cost_buy_fertilizer,cost_other,harvest_units_json,animal_units_json,sold_units_total,avg_realized_price_overall,hands_hired_events,land_quadrants_end,productive_action_rate,movement_fraction,market_action_fraction,win,money_margin,validation_overall,inventory_overflow_flag
C,c1_production_x_market,c1_simple_melon_2h_passive,c1_simple_melon_2h_passive_seed200100,200100,pass,"{""crops"": ""MELON"", ""n_hands"": 2, ""sell_policy"": {""mode"": ""passive""}}",3000.0,27891.0,24891.0,31191.0,6240,60,0,0,0,0,0,"{""MELON"": 218}",{},218,143.078,60,1,0.867,0.4905,0.0648,1,24891.0,PASS,0
C,c1_production_x_market,c1_simple_melon_2h_passive,c1_simple_melon_2h_passive_seed200101,200101,pass,"{""crops"": ""MELON"", ""n_hands"": 2, ""sell_policy"": {""mode"": ""passive""}}",3000.0,27891.0,24891.0,31191.0,6240,60,0,0,0,0,0,"{""MELON"": 218}",{},218,143.078,60,1,0.867,0.4905,0.0648,1,24891.0,PASS,0
C,c1_production_x_market,c1_simple_melon_2h_passive,c1_simple_melon_2h_passive_seed200102,200102,pass,"{""crops"": ""MELON"", ""n_hands"": 2, ""sell_policy"": {""mode"": ""passive""}}",3000.0,27891.0,24891.0,31191.0,6240,60,0,0,0,0,0,"{""MELON"": 218}",{},218,143.078,60,1,0.867,0.4905,0.0648,1,24891.0,PASS,0
C,c1_production_x_market,c1_simple_melon_2h_passive,c1_simple_melon_2h_passive_seed200103,200103,pass,"{""crops"": ""MELON"", ""n_hands"": 2, ""sell_policy"": {""mode"": ""passive""}}",3000.0,27891.0,24891.0,31191.0,6240,60,0,0,0,0,0,"{""MELON"": 218}",{},218,143.078,60,1,0.867,0.4905,0.0648,1,24891.0,PASS,0
C,c1_production_x_market,c1_simple_melon_2h_passive,c1_simple_melon_2h_passive_seed200104,200104,pass,"{""crops"": ""MELON"", ""n_hands"": 2, ""sell_policy"": {""mode"": ""passive""}}",3000.0,27891.0,24891.0,31191.0,6240,60,0,0,0,0,0,"{""MELON"": 218}",{},218,143.078,60,1,0.867,0.4895,0.0648,1,24891.0,PASS,0
C,c1_production_x_market,c1_simple_melon_2h_passive,c1_simple_melon_2h_passive_seed200105,200105,pass,"{""crops"": ""MELON"", ""n_hands"": 2, ""sell_policy"": {""mode"": ""passive""}}",3000.0,27891.0,24891.0,31191.0,6240,60,0,0,0,0,0,"{""MELON"": 218}",{},218,143.078,60,1,0.867,0.4905,0.0648,1,24891.0,PASS,0
C,c1_production_x_market,c1_simple_melon_2h_passive,c1_simple_melon_2h_passive_seed200106,200106,pass,"{""crops"": ""MELON"", ""n_hands"": 2, ""sell_policy"": {""mode"": ""passive""}}",3000.0,27971.0,24971.0,31191.0,6160,60,0,0,0,0,0,"{""MELON"": 218}",{},218,143.078,60,1,0.8675,0.4914,0.0653,1,24971.0,PASS,0
C,c1_production_x_market,c1_simple_melon_2h_passive,c1_simple_melon_2h_passive_seed200107,200107,pass,"{""crops"": ""MELON"", ""n_hands"": 2, ""sell_policy"": {""mode"": ""passive""}}",3000.0,27891.0,24891.0,31191.0,6240,60,0,0,0,0,0,"{""MELON"": 218}",{},218,143.078,60,1,0.867,0.4905,0.0648,1,24891.0,PASS,0
C,c1_production_x_market,c1_simple_melon_2h_threshold_1.0,c1_simple_melon_2h_threshold_1.0_seed200100,200100,pass,"{""crops"": ""MELON"", ""n_hands"": 2, ""sell_policy"": {""mode"": ""threshold"", ""threshold_frac"": 1.0}}",3000.0,27730.0,24730.0,31030.0,6240,60,0,0,0,0,0,"{""MELON"": 218}",{},159,195.1572,60,1,0.867,0.4905,0.062,1,24730.0,PASS,0
C,c1_production_x_market,c1_simple_melon_2h_threshold_1.0,c1_simple_melon_2h_threshold_1.0_seed200101,200101,pass,"{""crops"": ""MELON"", ""n_hands"": 2, ""sell_policy"": {""mode"": ""threshold"", ""threshold_frac"": 1.0}}",3000.0,27730.0,24730.0,31030.0,6240,60,0,0,0,0,0,"{""MELON"": 218}",{},159,195.1572,60,1,0.867,0.4905,0.062,1,24730.0,PASS,0
C,c1_production_x_market,c1_simple_melon_2h_threshold_1.0,c1_simple_melon_2h_threshold_1.0_seed200102,200102,pass,"{""crops"": ""MELON"", ""n_hands"": 2, ""sell_policy"": {""mode"": ""threshold"", ""threshold_frac"": 1.0}}",3000.0,27730.0,24730.0,31030.0,6240,60,0,0,0,0,0,"{""MELON"": 218}",{},159,195.1572,60,1,0.867,0.4905,0.062,1,24730.0,PASS,0
C,c1_production_x_market,c1_simple_melon_2h_threshold_1.0,c1_simple_melon_2h_threshold_1.0_seed200103,200103,pass,"{""crops"": ""MELON"", ""n_hands"": 2, ""sell_policy"": {""mode"": ""threshold"", ""threshold_frac"": 1.0}}",3000.0,27730.0,24730.0,31030.0,6240,60,0,0,0,0,0,"{""MELON"": 218}",{},159,195.1572,60,1,0.867,0.4905,0.062,1,24730.0,PASS,0
C,c1_production_x_market,c1_simple_melon_2h_threshold_1.0,c1_simple_melon_2h_threshold_1.0_seed200104,200104,pass,"{""crops"": ""MELON"", ""n_hands"": 2, ""sell_policy"": {""mode"": ""threshold"", ""threshold_frac"": 1.0}}",3000.0,27730.0,24730.0,31030.0,6240,60,0,0,0,0,0,"{""MELON"": 218}",{},159,195.1572,60,1,0.867,0.4895,0.062,1,24730.0,PASS,0
C,c1_production_x_market,c1_simple_melon_2h_threshold_1.0,c1_simple_melon_2h_threshold_1.0_seed200105,200105,pass,"{""crops"": ""MELON"", ""n_hands"": 2, ""sell_policy"": {""mode"": ""threshold"", ""threshold_frac"": 1.0}}",3000.0,27730.0,24730.0,31030.0,6240,60,0,0,0,0,0,"{""MELON"": 218}",{},159,195.1572,60,1,0.867,0.4905,0.062,1,24730.0,PASS,0
C,c1_production_x_market,c1_simple_melon_2h_threshold_1.0,c1_simple_melon_2h_threshold_1.0_seed200106,200106,pass,"{""crops"": ""MELON"", ""n_hands"": 2, ""sell_policy"": {""mode"": ""threshold"", ""threshold_frac"": 1.0}}",3000.0,27810.0,24810.0,31030.0,6160,60,0,0,0,0,0,"{""MELON"": 218}",{},159,195.1572,60,1,0.8675,0.4914,0.0624,1,24810.0,PASS,0
C,c1_production_x_market,c1_simple_melon_2h_threshold_1.0,c1_simple_melon_2h_threshold_1.0_seed200107,200107,pass,"{""crops"": ""MELON"", ""n_hands"": 2, ""sell_policy"": {""mode"": ""threshold"", ""threshold_frac"": 1.0}}",3000.0,27730.0,24730.0,31030.0,6240,60,0,0,0,0,0,"{""MELON"": 218}",{},159,195.1572,60,1,0.867,0.4905,0.062,1,24730.0,PASS,0
C,c1_production_x_market,c1_simple_melon_2h_threshold_batch,c1_simple_melon_2h_threshold_batch_seed200100,200100,pass,"{""crops"": ""MELON"", ""n_hands"": 2, ""sell_policy"": {""batch_interval_days"": 7, ""mode"": ""threshold_batch"", ""threshold_frac"": 1.1}}",3000.0,28075.0,25075.0,31695.0,6560,60,0,0,0,0,0,"{""MELON"": 227}",{},227,139.6256,60,1,0.8761,0.499,0.0653,1,25075.0,PASS,0
C,c1_production_x_market,c1_simple_melon_2h_threshold_batch,c1_simple_melon_2h_threshold_batch_seed200101,200101,pass,"{""crops"": ""MELON"", ""n_hands"": 2, ""sell_policy"": {""batch_interval_days"": 7, ""mode"": ""threshold_batch"", ""threshold_frac"": 1.1}}",3000.0,28075.0,25075.0,31695.0,6560,60,0,0,0,0,0,"{""MELON"": 227}",{},227,139.6256,60,1,0.8761,0.499,0.0653,1,25075.0,PASS,0
C,c1_production_x_market,c1_simple_melon_2h_threshold_batch,c1_simple_melon_2h_threshold_batch_seed200102,200102,pass,"{""crops"": ""MELON"", ""n_hands"": 2, ""sell_policy"": {""batch_interval_days"": 7, ""mode"": ""threshold_batch"", ""threshold_frac"": 1.1}}",3000.0,28075.0,25075.0,31695.0,6560,60,0,0,0,0,0,"{""MELON"": 227}",{},227,139.6256,60,1,0.8761,0.499,0.0653,1,25075.0,PASS,0
C,c1_production_x_market,c1_simple_melon_2h_threshold_batch,c1_simple_melon_2h_threshold_batch_seed200103,200103,pass,"{""crops"": ""MELON"", ""n_hands"": 2, ""sell_policy"": {""batch_interval_days"": 7, ""mode"": ""threshold_batch"", ""threshold_frac"": 1.1}}",3000.0,28075.0,25075.0,31695.0,6560,60,0,0,0,0,0,"{""MELON"": 227}",{},227,139.6256,60,1,0.8761,0.499,0.0653,1,25075.0,PASS,0
C,c1_production_x_market,c1_simple_melon_2h_threshold_batch,c1_simple_melon_2h_threshold_batch_seed200104,200104,pass,"{""crops"": ""MELON"", ""n_hands"": 2, ""sell_policy"": {""batch_interval_days"": 7, ""mode"": ""threshold_batch"", ""threshold_frac"": 1.1}}",3000.0,28075.0,25075.0,31695.0,6560,60,0,0,0,0,0,"{""MELON"": 227}",{},227,139.6256,60,1,0.8761,0.4981,0.0653,1,25075.0,PASS,0
C,c1_production_x_market,c1_simple_melon_2h_threshold_batch,c1_simple_melon_2h_threshold_batch_seed200105,200105,pass,"{""crops"": ""MELON"", ""n_hands"": 2, ""sell_policy"": {""batch_interval_days"": 7, ""mode"": ""threshold_batch"", ""threshold_frac"": 1.1}}",3000.0,28075.0,25075.0,31695.0,6560,60,0,0,0,0,0,"{""MELON"": 227}",{},227,139.6256,60,1,0.8761,0.499,0.0653,1,25075.0,PASS,0
C,c1_production_x_market,c1_simple_melon_2h_threshold_batch,c1_simple_melon_2h_threshold_batch_seed200106,200106,pass,"{""crops"": ""MELON"", ""n_hands"": 2, ""sell_policy"": {""batch_interval_days"": 7, ""mode"": ""threshold_batch"", ""threshold_frac"": 1.1}}",3000.0,28396.0,25396.0,31696.0,6240,60,0,0,0,0,0,"{""MELON"": 228}",{},228,139.0175,60,1,0.8684,0.4924,0.0634,1,25396.0,PASS,0
C,c1_production_x_market,c1_simple_melon_2h_threshold_batch,c1_simple_melon_2h_threshold_batch_seed200107,200107,pass,"{""crops"": ""MELON"", ""n_hands"": 2, ""sell_policy"": {""batch_interval_days"": 7, ""mode"": ""threshold_batch"", ""threshold_frac"": 1.1}}",3000.0,28075.0,25075.0,31695.0,6560,60,0,0,0,0,0,"{""MELON"": 227}",{},227,139.6256,60,1,0.8761,0.499,0.0653,1,25075.0,PASS,0
C,c1_production_x_market,c1_simple_melon_2h_batch_5d,c1_simple_melon_2h_batch_5d_seed200100,200100,pass,"{""crops"": ""MELON"", ""n_hands"": 2, ""sell_policy"": {""batch_interval_days"": 5, ""mode"": ""batch""}}",3000.0,28124.0,25124.0,31744.0,6560,60,0,0,0,0,0,"{""MELON"": 227}",{},223,142.3498,60,1,0.8761,0.499,0.0653,1,25124.0,PASS,0
C,c1_production_x_market,c1_simple_melon_2h_batch_5d,c1_simple_melon_2h_batch_5d_seed200101,200101,pass,"{""crops"": ""MELON"", ""n_hands"": 2, ""sell_policy"": {""batch_interval_days"": 5, ""mode"": ""batch""}}",3000.0,28124.0,25124.0,31744.0,6560,60,0,0,0,0,0,"{""MELON"": 227}",{},223,142.3498,60,1,0.8761,0.499,0.0653,1,25124.0,PASS,0
C,c1_production_x_market,c1_simple_melon_2h_batch_5d,c1_simple_melon_2h_batch_5d_seed200102,200102,pass,"{""crops"": ""MELON"", ""n_hands"": 2, ""sell_policy"": {""batch_interval_days"": 5, ""mode"": ""batch""}}",3000.0,28124.0,25124.0,31744.0,6560,60,0,0,0,0,0,"{""MELON"": 227}",{},223,142.3498,60,1,0.8761,0.499,0.0653,1,25124.0,PASS,0
C,c1_production_x_market,c1_simple_melon_2h_batch_5d,c1_simple_melon_2h_batch_5d_seed200103,200103,pass,"{""crops"": ""MELON"", ""n_hands"": 2, ""sell_policy"": {""batch_interval_days"": 5, ""mode"": ""batch""}}",3000.0,28124.0,25124.0,31744.0,6560,60,0,0,0,0,0,"{""MELON"": 227}",{},223,142.3498,60,1,0.8761,0.499,0.0653,1,25124.0,PASS,0
C,c1_production_x_market,c1_simple_melon_2h_batch_5d,c1_simple_melon_2h_batch_5d_seed200104,200104,pass,"{""crops"": ""MELON"", ""n_hands"": 2, ""sell_policy"": {""batch_interval_days"": 5, ""mode"": ""batch""}}",3000.0,28124.0,25124.0,31744.0,6560,60,0,0,0,0,0,"{""MELON"": 227}",{},223,142.3498,60,1,0.8761,0.4981,0.0653,1,25124.0,PASS,0
C,c1_production_x_market,c1_simple_melon_2h_batch_5d,c1_simple_melon_2h_batch_5d_seed200105,200105,pass,"{""crops"": ""MELON"", ""n_hands"": 2, ""sell_policy"": {""batch_interval_days"": 5, ""mode"": ""batch""}}",3000.0,28124.0,25124.0,31744.0,6560,60,0,0,0,0,0,"{""MELON"": 227}",{},223,142.3498,60,1,0.8761,0.499,0.0653,1,25124.0,PASS,0
C,c1_production_x_market,c1_simple_melon_2h_batch_5d,c1_simple_melon_2h_batch_5d_seed200106,200106,pass,"{""crops"": ""MELON"", ""n_hands"": 2, ""sell_policy"": {""batch_interval_days"": 5, ""mode"": ""batch""}}",3000.0,28287.0,25287.0,31587.0,6240,60,0,0,0,0,0,"{""MELON"": 228}",{},228,138.5395,60,1,0.8684,0.4924,0.0634,1,25287.0,PASS,0
C,c1_production_x_market,c1_simple_melon_2h_batch_5d,c1_simple_melon_2h_batch_5d_seed200107,200107,pass,"{""crops"": ""MELON"", ""n_hands"": 2, ""sell_policy"": {""batch_interval_days"": 5, ""mode"": ""batch""}}",3000.0,28124.0,25124.0,31744.0,6560,60,0,0,0,0,0,"{""MELON"": 227}",{},223,142.3498,60,1,0.8761,0.499,0.0653,1,25124.0,PASS,0
C,c1_production_x_market,c1_integrated_inv_high_passive,c1_integrated_inv_high_passive_seed200100,200100,pass,"{""animal_buy_day"": 0, ""animals"": {""COW"": 1, ""GOOSE"": 1}, ""crops"": {""MELON"": 0.5, ""STRAWBERRY"": 0.5}, ""land_buy_day"": 0, ""land_quadrants"": 1, ""n_hands"": 4, ""sell_policy"": {""mode"": ""passive""}}",3000.0,26618.0,23618.0,35636.6504,7640,153,1000,2400,825.6503,0,0.0,"{""STRAWBERRY"": 64, ""MELON"": 95}","{""COW"": 8, ""GOOSE"": 7}",164,217.2966,89,2,0.9151,0.5785,0.3457,1,23618.0,PARTIAL,0
C,c1_production_x_market,c1_integrated_inv_high_passive,c1_integrated_inv_high_passive_seed200101,200101,pass,"{""animal_buy_day"": 0, ""animals"": {""COW"": 1, ""GOOSE"": 1}, ""crops"": {""MELON"": 0.5, ""STRAWBERRY"": 0.5}, ""land_buy_day"": 0, ""land_quadrants"": 1, ""n_hands"": 4, ""sell_policy"": {""mode"": ""passive""}}",3000.0,28126.0,25126.0,37508.1641,7740,150,1000,2800,692.1641,0,0.0,"{""STRAWBERRY"": 60, ""MELON"": 115}","{""COW"": 0, ""GOOSE"": 5}",172,218.0707,88,2,0.9386,0.5951,0.3559,1,25126.0,PASS,0
C,c1_production_x_market,c1_integrated_inv_high_passive,c1_integrated_inv_high_passive_seed200102,200102,pass,"{""animal_buy_day"": 0, ""animals"": {""COW"": 1, ""GOOSE"": 1}, ""crops"": {""MELON"": 0.5, ""STRAWBERRY"": 0.5}, ""land_buy_day"": 0, ""land_quadrants"": 1, ""n_hands"": 4, ""sell_policy"": {""mode"": ""passive""}}",3000.0,31382.0,28382.0,40883.0255,8080,153,1000,2300,968.0255,0,0.0,"{""STRAWBERRY"": 63, ""MELON"": 113}","{""COW"": 17, ""GOOSE"": 0}",182,224.632,89,2,0.9317,0.581,0.3528,1,28382.0,PASS,0
C,c1_production_x_market,c1_integrated_inv_high_passive,c1_integrated_inv_high_passive_seed200103,200103,pass,"{""animal_buy_day"": 0, ""animals"": {""COW"": 1, ""GOOSE"": 1}, ""crops"": {""MELON"": 0.5, ""STRAWBERRY"": 0.5}, ""land_buy_day"": 0, ""land_quadrants"": 1, ""n_hands"": 4, ""sell_policy"": {""mode"": ""passive""}}",3000.0,30541.0,27541.0,39446.7452,7820,153,1000,2100,832.7452,0,0.0,"{""STRAWBERRY"": 54, ""MELON"": 115}","{""COW"": 9, ""GOOSE"": 9}",181,217.9378,89,2,0.934,0.5948,0.3464,1,27541.0,PASS,0
C,c1_production_x_market,c1_integrated_inv_high_passive,c1_integrated_inv_high_passive_seed200104,200104,pass,"{""animal_buy_day"": 0, ""animals"": {""COW"": 1, ""GOOSE"": 1}, ""crops"": {""MELON"": 0.5, ""STRAWBERRY"": 0.5}, ""land_buy_day"": 0, ""land_quadrants"": 1, ""n_hands"": 4, ""sell_policy"": {""mode"": ""passive""}}",3000.0,34220.0,31220.0,42917.6728,7860,153,1000,1800,884.6729,0,0.0,"{""STRAWBERRY"": 60, ""MELON"": 115}","{""COW"": 8, ""GOOSE"": 20}",196,218.9677,89,2,0.942,0.587,0.3513,1,31220.0,PARTIAL,0
C,c1_production_x_market,c1_integrated_inv_high_passive,c1_integrated_inv_high_passive_seed200105,200105,pass,"{""animal_buy_day"": 0, ""animals"": {""COW"": 1, ""GOOSE"": 1}, ""crops"": {""MELON"": 0.5, ""STRAWBERRY"": 0.5}, ""land_buy_day"": 0, ""land_quadrants"": 1, ""n_hands"": 4, ""sell_policy"": {""mode"": ""passive""}}",3000.0,34713.0,31713.0,42978.2675,7340,153,1000,1800,972.2674,0,0.0,"{""STRAWBERRY"": 57, ""MELON"": 115}","{""COW"": 8, ""GOOSE"": 20}",194,221.5375,89,2,0.9395,0.5926,0.3469,1,31713.0,PARTIAL,0
C,c1_production_x_market,c1_integrated_inv_high_passive,c1_integrated_inv_high_passive_seed200106,200106,pass,"{""animal_buy_day"": 0, ""animals"": {""COW"": 1, ""GOOSE"": 1}, ""crops"": {""MELON"": 0.5, ""STRAWBERRY"": 0.5}, ""land_buy_day"": 0, ""land_quadrants"": 1, ""n_hands"": 4, ""sell_policy"": {""mode"": ""passive""}}",3000.0,33171.0,30171.0,41656.1051,7420,153,1000,2000,912.1051,0,0.0,"{""STRAWBERRY"": 58, ""MELON"": 115}","{""COW"": 17, ""GOOSE"": 7}",188,221.575,89,2,0.9322,0.5925,0.347,1,30171.0,PASS,0
C,c1_production_x_market,c1_integrated_inv_high_passive,c1_integrated_inv_high_passive_seed200107,200107,pass,"{""animal_buy_day"": 0, ""animals"": {""COW"": 1, ""GOOSE"": 1}, ""crops"": {""MELON"": 0.5, ""STRAWBERRY"": 0.5}, ""land_buy_day"": 0, ""land_quadrants"": 1, ""n_hands"": 4, ""sell_policy"": {""mode"": ""passive""}}",3000.0,33729.0,30729.0,42088.3353,7340,153,1000,1800,1066.3354,0,0.0,"{""STRAWBERRY"": 57, ""MELON"": 115}","{""COW"": 8, ""GOOSE"": 20}",194,216.9502,89,2,0.9464,0.598,0.3465,1,30729.0,PARTIAL,0
C,c1_production_x_market,c1_integrated_inv_high_threshold_1.0,c1_integrated_inv_high_threshold_1.0_seed200100,200100,pass,"{""animal_buy_day"": 0, ""animals"": {""COW"": 1, ""GOOSE"": 1}, ""crops"": {""MELON"": 0.5, ""STRAWBERRY"": 0.5}, ""land_buy_day"": 0, ""land_quadrants"": 1, ""n_hands"": 4, ""sell_policy"": {""mode"": ""threshold"", ""threshold_frac"": 1.0}}",3000.0,13859.0,10859.0,22876.7547,7640,153,1000,2400,824.7546,0,0.0,"{""STRAWBERRY"": 64, ""MELON"": 95}","{""COW"": 8, ""GOOSE"": 7}",109,209.8785,89,2,0.9151,0.5785,0.3449,1,10859.0,PARTIAL,0
C,c1_production_x_market,c1_integrated_inv_high_threshold_1.0,c1_integrated_inv_high_threshold_1.0_seed200101,200101,pass,"{""animal_buy_day"": 0, ""animals"": {""COW"": 1, ""GOOSE"": 1}, ""crops"": {""MELON"": 0.5, ""STRAWBERRY"": 0.5}, ""land_buy_day"": 0, ""land_quadrants"": 1, ""n_hands"": 4, ""sell_policy"": {""mode"": ""threshold"", ""threshold_frac"": 1.0}}",3000.0,17719.0,14719.0,27094.6663,7740,150,1000,2800,685.6663,0,0.0,"{""STRAWBERRY"": 60, ""MELON"": 115}","{""COW"": 0, ""GOOSE"": 5}",122,222.0874,88,2,0.9386,0.5951,0.3548,1,14719.0,PASS,0
C,c1_production_x_market,c1_integrated_inv_high_threshold_1.0,c1_integrated_inv_high_threshold_1.0_seed200102,200102,pass,"{""animal_buy_day"": 0, ""animals"": {""COW"": 1, ""GOOSE"": 1}, ""crops"": {""MELON"": 0.5, ""STRAWBERRY"": 0.5}, ""land_buy_day"": 0, ""land_quadrants"": 1, ""n_hands"": 4, ""sell_policy"": {""mode"": ""threshold"", ""threshold_frac"": 1.0}}",3000.0,27982.0,24982.0,37476.4168,8080,153,1000,2300,961.4169,0,0.0,"{""STRAWBERRY"": 63, ""MELON"": 113}","{""COW"": 17, ""GOOSE"": 0}",164,228.5147,89,2,0.9317,0.581,0.3514,1,24982.0,PARTIAL,0
C,c1_production_x_market,c1_integrated_inv_high_threshold_1.0,c1_integrated_inv_high_threshold_1.0_seed200103,200103,pass,"{""animal_buy_day"": 0, ""animals"": {""COW"": 1, ""GOOSE"": 1}, ""crops"": {""MELON"": 0.5, ""STRAWBERRY"": 0.5}, ""land_buy_day"": 0, ""land_quadrants"": 1, ""n_hands"": 4, ""sell_policy"": {""mode"": ""threshold"", ""threshold_frac"": 1.0}}",3000.0,21300.0,18300.0,30199.7566,7820,153,1000,2100,826.7566,0,0.0,"{""STRAWBERRY"": 54, ""MELON"": 115}","{""COW"": 9, ""GOOSE"": 9}",136,222.057,89,2,0.934,0.5948,0.3453,1,18300.0,PASS,0
C,c1_production_x_market,c1_integrated_inv_high_threshold_1.0,c1_integrated_inv_high_threshold_1.0_seed200104,200104,pass,"{""animal_buy_day"": 0, ""animals"": {""COW"": 1, ""GOOSE"": 1}, ""crops"": {""MELON"": 0.5, ""STRAWBERRY"": 0.5}, ""land_buy_day"": 0, ""land_quadrants"": 1, ""n_hands"": 4, ""sell_policy"": {""mode"": ""threshold"", ""threshold_frac"": 1.0}}",3000.0,23822.0,20822.0,32517.3664,7860,153,1000,1800,882.3665,0,0.0,"{""STRAWBERRY"": 60, ""MELON"": 115}","{""COW"": 8, ""GOOSE"": 20}",146,222.7217,89,2,0.942,0.587,0.3499,1,20822.0,PARTIAL,0
C,c1_production_x_market,c1_integrated_inv_high_threshold_1.0,c1_integrated_inv_high_threshold_1.0_seed200105,200105,pass,"{""animal_buy_day"": 0, ""animals"": {""COW"": 1, ""GOOSE"": 1}, ""crops"": {""MELON"": 0.5, ""STRAWBERRY"": 0.5}, ""land_buy_day"": 0, ""land_quadrants"": 1, ""n_hands"": 4, ""sell_policy"": {""mode"": ""threshold"", ""threshold_frac"": 1.0}}",3000.0,24345.0,21345.0,32598.5543,7340,153,1000,1800,960.5542,0,0.0,"{""STRAWBERRY"": 57, ""MELON"": 115}","{""COW"": 8, ""GOOSE"": 20}",144,226.3788,89,2,0.9395,0.5926,0.3461,1,21345.0,PARTIAL,0
C,c1_production_x_market,c1_integrated_inv_high_threshold_1.0,c1_integrated_inv_high_threshold_1.0_seed200106,200106,pass,"{""animal_buy_day"": 0, ""animals"": {""COW"": 1, ""GOOSE"": 1}, ""crops"": {""MELON"": 0.5, ""STRAWBERRY"": 0.5}, ""land_buy_day"": 0, ""land_quadrants"": 1, ""n_hands"": 4, ""sell_policy"": {""mode"": ""threshold"", ""threshold_frac"": 1.0}}",3000.0,22749.0,19749.0,31228.197,7420,153,1000,2000,906.1971,0,0.0,"{""STRAWBERRY"": 58, ""MELON"": 115}","{""COW"": 17, ""GOOSE"": 7}",138,226.2913,89,2,0.9322,0.5925,0.3459,1,19749.0,PARTIAL,0
C,c1_production_x_market,c1_integrated_inv_high_threshold_1.0,c1_integrated_inv_high_threshold_1.0_seed200107,200107,pass,"{""animal_buy_day"": 0, ""animals"": {""COW"": 1, ""GOOSE"": 1}, ""crops"": {""MELON"": 0.5, ""STRAWBERRY"": 0.5}, ""land_buy_day"": 0, ""land_quadrants"": 1, ""n_hands"": 4, ""sell_policy"": {""mode"": ""threshold"", ""threshold_frac"": 1.0}}",3000.0,23361.0,20361.0,31706.7549,7340,153,1000,1800,1052.755,0,-0.0,"{""STRAWBERRY"": 57, ""MELON"": 115}","{""COW"": 8, ""GOOSE"": 20}",144,220.1858,89,2,0.9464,0.598,0.3458,1,20361.0,PARTIAL,0
C,c1_production_x_market,c1_integrated_inv_high_threshold_batch,c1_integrated_inv_high_threshold_batch_seed200100,200100,pass,"{""animal_buy_day"": 0, ""animals"": {""COW"": 1, ""GOOSE"": 1}, ""crops"": {""MELON"": 0.5, ""STRAWBERRY"": 0.5}, ""land_buy_day"": 0, ""land_quadrants"": 1, ""n_hands"": 4, ""sell_policy"": {""batch_interval_days"": 7, ""mode"": ""threshold_batch"", ""threshold_frac"": 1.1}}",3000.0,26700.0,23700.0,35717.7188,7640,153,1000,2400,824.7188,0,0.0,"{""STRAWBERRY"": 64, ""MELON"": 95}","{""COW"": 8, ""GOOSE"": 7}",164,217.791,89,2,0.9151,0.5785,0.3446,1,23700.0,PASS,0
C,c1_production_x_market,c1_integrated_inv_high_threshold_batch,c1_integrated_inv_high_threshold_batch_seed200101,200101,pass,"{""animal_buy_day"": 0, ""animals"": {""COW"": 1, ""GOOSE"": 1}, ""crops"": {""MELON"": 0.5, ""STRAWBERRY"": 0.5}, ""land_buy_day"": 0, ""land_quadrants"": 1, ""n_hands"": 4, ""sell_policy"": {""batch_interval_days"": 7, ""mode"": ""threshold_batch"", ""threshold_frac"": 1.1}}",3000.0,28212.0,25212.0,37595.5379,7740,150,1000,2800,693.5378,0,0.0,"{""STRAWBERRY"": 60, ""MELON"": 115}","{""COW"": 0, ""GOOSE"": 5}",172,218.5787,88,2,0.9386,0.5951,0.3548,1,25212.0,PARTIAL,0
C,c1_production_x_market,c1_integrated_inv_high_threshold_batch,c1_integrated_inv_high_threshold_batch_seed200102,200102,pass,"{""animal_buy_day"": 0, ""animals"": {""COW"": 1, ""GOOSE"": 1}, ""crops"": {""MELON"": 0.5, ""STRAWBERRY"": 0.5}, ""land_buy_day"": 0, ""land_quadrants"": 1, ""n_hands"": 4, ""sell_policy"": {""batch_interval_days"": 7, ""mode"": ""threshold_batch"", ""threshold_frac"": 1.1}}",3000.0,30058.0,27058.0,39560.3797,8080,153,1000,2300,969.3796,0,0.0,"{""STRAWBERRY"": 63, ""MELON"": 113}","{""COW"": 17, ""GOOSE"": 0}",174,227.3585,89,2,0.9317,0.581,0.351,1,27058.0,PARTIAL,0
C,c1_production_x_market,c1_integrated_inv_high_threshold_batch,c1_integrated_inv_high_threshold_batch_seed200103,200103,pass,"{""animal_buy_day"": 0, ""animals"": {""COW"": 1, ""GOOSE"": 1}, ""crops"": {""MELON"": 0.5, ""STRAWBERRY"": 0.5}, ""land_buy_day"": 0, ""land_quadrants"": 1, ""n_hands"": 4, ""sell_policy"": {""batch_interval_days"": 7, ""mode"": ""threshold_batch"", ""threshold_frac"": 1.1}}",3000.0,30635.0,27635.0,39544.4723,7820,153,1000,2100,836.4722,0,0.0,"{""STRAWBERRY"": 54, ""MELON"": 115}","{""COW"": 9, ""GOOSE"": 9}",181,218.4777,89,2,0.934,0.5948,0.3453,1,27635.0,PARTIAL,0
C,c1_production_x_market,c1_integrated_inv_high_threshold_batch,c1_integrated_inv_high_threshold_batch_seed200104,200104,pass,"{""animal_buy_day"": 0, ""animals"": {""COW"": 1, ""GOOSE"": 1}, ""crops"": {""MELON"": 0.5, ""STRAWBERRY"": 0.5}, ""land_buy_day"": 0, ""land_quadrants"": 1, ""n_hands"": 4, ""sell_policy"": {""batch_interval_days"": 7, ""mode"": ""threshold_batch"", ""threshold_frac"": 1.1}}",3000.0,34213.0,31213.0,42908.205,7860,153,1000,1800,882.2049,0,0.0,"{""STRAWBERRY"": 60, ""MELON"": 115}","{""COW"": 8, ""GOOSE"": 20}",194,221.1763,89,2,0.942,0.587,0.3463,1,31213.0,PARTIAL,0
C,c1_production_x_market,c1_integrated_inv_high_threshold_batch,c1_integrated_inv_high_threshold_batch_seed200105,200105,pass,"{""animal_buy_day"": 0, ""animals"": {""COW"": 1, ""GOOSE"": 1}, ""crops"": {""MELON"": 0.5, ""STRAWBERRY"": 0.5}, ""land_buy_day"": 0, ""land_quadrants"": 1, ""n_hands"": 4, ""sell_policy"": {""batch_interval_days"": 7, ""mode"": ""threshold_batch"", ""threshold_frac"": 1.1}}",3000.0,33874.0,30874.0,42145.9463,7340,153,1000,1800,978.9463,0,0.0,"{""STRAWBERRY"": 57, ""MELON"": 115}","{""COW"": 8, ""GOOSE"": 20}",193,218.3728,89,2,0.9395,0.5926,0.3418,1,30874.0,PASS,0
C,c1_production_x_market,c1_integrated_inv_high_threshold_batch,c1_integrated_inv_high_threshold_batch_seed200106,200106,pass,"{""animal_buy_day"": 0, ""animals"": {""COW"": 1, ""GOOSE"": 1}, ""crops"": {""MELON"": 0.5, ""STRAWBERRY"": 0.5}, ""land_buy_day"": 0, ""land_quadrants"": 1, ""n_hands"": 4, ""sell_policy"": {""batch_interval_days"": 7, ""mode"": ""threshold_batch"", ""threshold_frac"": 1.1}}",3000.0,33313.0,30313.0,41803.8961,7420,153,1000,2000,917.896,0,0.0,"{""STRAWBERRY"": 58, ""MELON"": 115}","{""COW"": 17, ""GOOSE"": 7}",188,222.3611,89,2,0.9322,0.5925,0.3459,1,30313.0,PARTIAL,0
C,c1_production_x_market,c1_integrated_inv_high_threshold_batch,c1_integrated_inv_high_threshold_batch_seed200107,200107,pass,"{""animal_buy_day"": 0, ""animals"": {""COW"": 1, ""GOOSE"": 1}, ""crops"": {""MELON"": 0.5, ""STRAWBERRY"": 0.5}, ""land_buy_day"": 0, ""land_quadrants"": 1, ""n_hands"": 4, ""sell_policy"": {""batch_interval_days"": 7, ""mode"": ""threshold_batch"", ""threshold_frac"": 1.1}}",3000.0,33828.0,30828.0,42206.4126,7340,153,1000,1800,1085.4127,0,0.0,"{""STRAWBERRY"": 57, ""MELON"": 115}","{""COW"": 8, ""GOOSE"": 20}",194,217.5588,89,2,0.9464,0.598,0.3429,1,30828.0,PARTIAL,0
C,c1_production_x_market,c1_integrated_inv_high_batch_5d,c1_integrated_inv_high_batch_5d_seed200100,200100,pass,"{""animal_buy_day"": 0, ""animals"": {""COW"": 1, ""GOOSE"": 1}, ""crops"": {""MELON"": 0.5, ""STRAWBERRY"": 0.5}, ""land_buy_day"": 0, ""land_quadrants"": 1, ""n_hands"": 4, ""sell_policy"": {""batch_interval_days"": 5, ""mode"": ""batch""}}",3000.0,51.0,-2949.0,7675.0,6820,125,1000,2100,579.0,0,0.0,"{""STRAWBERRY"": 69, ""MELON"": 43}","{""COW"": 6, ""GOOSE"": 4}",42,182.7381,73,2,0.9201,0.5688,0.537,0,-2949.0,PASS,0
C,c1_production_x_market,c1_integrated_inv_high_batch_5d,c1_integrated_inv_high_batch_5d_seed200101,200101,pass,"{""animal_buy_day"": 0, ""animals"": {""COW"": 1, ""GOOSE"": 1}, ""crops"": {""MELON"": 0.5, ""STRAWBERRY"": 0.5}, ""land_buy_day"": 0, ""land_quadrants"": 1, ""n_hands"": 4, ""sell_policy"": {""batch_interval_days"": 5, ""mode"": ""batch""}}",3000.0,211.0,-2789.0,7558.0,6960,122,1000,1800,465.0,0,0.0,"{""STRAWBERRY"": 71, ""MELON"": 47}","{""COW"": 8, ""GOOSE"": 0}",38,198.8947,72,2,0.9349,0.5766,0.5563,0,-2789.0,PASS,0
C,c1_production_x_market,c1_integrated_inv_high_batch_5d,c1_integrated_inv_high_batch_5d_seed200102,200102,pass,"{""animal_buy_day"": 0, ""animals"": {""COW"": 1, ""GOOSE"": 1}, ""crops"": {""MELON"": 0.5, ""STRAWBERRY"": 0.5}, ""land_buy_day"": 0, ""land_quadrants"": 1, ""n_hands"": 4, ""sell_policy"": {""batch_interval_days"": 5, ""mode"": ""batch""}}",3000.0,23265.0,20265.0,31141.9408,7080,125,1000,2100,571.9408,0,0.0,"{""STRAWBERRY"": 74, ""MELON"": 64}","{""COW"": 7, ""GOOSE"": 0}",123,253.1865,73,2,0.933,0.5643,0.5433,1,20265.0,PASS,0
C,c1_production_x_market,c1_integrated_inv_high_batch_5d,c1_integrated_inv_high_batch_5d_seed200103,200103,pass,"{""animal_buy_day"": 0, ""animals"": {""COW"": 1, ""GOOSE"": 1}, ""crops"": {""MELON"": 0.5, ""STRAWBERRY"": 0.5}, ""land_buy_day"": 0, ""land_quadrants"": 1, ""n_hands"": 4, ""sell_policy"": {""batch_interval_days"": 5, ""mode"": ""batch""}}",3000.0,1720.0,-1280.0,8038.2183,6260,125,1000,1400,533.2183,0,0.0,"{""STRAWBERRY"": 84, ""MELON"": 27}","{""COW"": 8, ""GOOSE"": 0}",38,211.5321,73,2,0.9339,0.5826,0.5362,0,-1280.0,PASS,0
C,c1_production_x_market,c1_integrated_inv_high_batch_5d,c1_integrated_inv_high_batch_5d_seed200104,200104,pass,"{""animal_buy_day"": 0, ""animals"": {""COW"": 1, ""GOOSE"": 1}, ""crops"": {""MELON"": 0.5, ""STRAWBERRY"": 0.5}, ""land_buy_day"": 0, ""land_quadrants"": 1, ""n_hands"": 4, ""sell_policy"": {""batch_interval_days"": 5, ""mode"": ""batch""}}",3000.0,24932.0,21932.0,32626.8879,7660,125,1000,1400,509.8879,0,0.0,"{""STRAWBERRY"": 72, ""MELON"": 78}","{""COW"": 8, ""GOOSE"": 0}",124,263.1201,73,2,0.9385,0.5655,0.5454,1,21932.0,PASS,0
C,c1_production_x_market,c1_integrated_inv_high_batch_5d,c1_integrated_inv_high_batch_5d_seed200105,200105,pass,"{""animal_buy_day"": 0, ""animals"": {""COW"": 1, ""GOOSE"": 1}, ""crops"": {""MELON"": 0.5, ""STRAWBERRY"": 0.5}, ""land_buy_day"": 0, ""land_quadrants"": 1, ""n_hands"": 4, ""sell_policy"": {""batch_interval_days"": 5, ""mode"": ""batch""}}",3000.0,23204.0,20204.0,31186.0706,7260,125,1000,2100,497.0706,0,0.0,"{""STRAWBERRY"": 73, ""MELON"": 71}","{""COW"": 8, ""GOOSE"": 0}",124,251.5006,73,2,0.9335,0.5646,0.5425,1,20204.0,PASS,0
C,c1_production_x_market,c1_integrated_inv_high_batch_5d,c1_integrated_inv_high_batch_5d_seed200106,200106,pass,"{""animal_buy_day"": 0, ""animals"": {""COW"": 1, ""GOOSE"": 1}, ""crops"": {""MELON"": 0.5, ""STRAWBERRY"": 0.5}, ""land_buy_day"": 0, ""land_quadrants"": 1, ""n_hands"": 4, ""sell_policy"": {""batch_interval_days"": 5, ""mode"": ""batch""}}",3000.0,22072.0,19072.0,30023.8046,7440,125,1000,1700,686.8045,0,0.0,"{""STRAWBERRY"": 69, ""MELON"": 60}","{""COW"": 8, ""GOOSE"": 7}",130,230.9523,73,2,0.9285,0.5579,0.5425,1,19072.0,PARTIAL,0
C,c1_production_x_market,c1_integrated_inv_high_batch_5d,c1_integrated_inv_high_batch_5d_seed200107,200107,pass,"{""animal_buy_day"": 0, ""animals"": {""COW"": 1, ""GOOSE"": 1}, ""crops"": {""MELON"": 0.5, ""STRAWBERRY"": 0.5}, ""land_buy_day"": 0, ""land_quadrants"": 1, ""n_hands"": 4, ""sell_policy"": {""batch_interval_days"": 5, ""mode"": ""batch""}}",3000.0,23451.0,20451.0,31283.0475,7400,125,1000,1800,507.0476,0,0.0,"{""STRAWBERRY"": 74, ""MELON"": 78}","{""COW"": 7, ""GOOSE"": 0}",123,254.3337,73,2,0.9406,0.5696,0.5441,1,20451.0,PARTIAL,0
